{
  "telematicsDisplay": {
    "position": [-7.1, 0.5, -0.7],
    "rotation": [-0.3490658503988659, 0, 0],
    "size": [6, 3]
  },
  "fuelSensor": {
    "position": [3.1, 0.6, -5],
    "rotation": [0, 0, 0],
    "scale": 1,
    "probeLength": 1.3
  },
  "truck": {
    "position": [1.1, -1.1, -5.3],
    "rotation": [0, 3.141592653589793, 0],
    "scale": [1.5, 1.5, 1.5]
  },
  "logo": {
    "position": [0, 2.25, 5.35],
    "rotation": [0, 0, 0.017453292519943295],
    "scale": [1, 0.96],
    "offsetZ": -0.5,
    "visible": true
  }
}
